epoch,steps,cosine_pearson,cosine_spearman,euclidean_pearson,euclidean_spearman,manhattan_pearson,manhattan_spearman,dot_pearson,dot_spearman
-1,-1,0.8539181306118446,0.8566537731779168,0.8370745399253241,0.8461576974954305,0.836155575921347,0.8448852620341503,0.7916787725858471,0.7843653043253368
-1,-1,0.8539181306118446,0.8566537731779168,0.8370745399253241,0.8461576974954305,0.836155575921347,0.8448852620341503,0.7916787725858471,0.7843653043253368
