epoch,steps,cosine_pearson,cosine_spearman,euclidean_pearson,euclidean_spearman,manhattan_pearson,manhattan_spearman,dot_pearson,dot_spearman
-1,-1,0.8713802529721694,0.870994778434218,0.8518612036231735,0.8564872249569336,0.8515997767971147,0.8560934702161507,0.8468787329350043,0.8482589683018371
-1,-1,0.8713802529721694,0.870994778434218,0.8518612036231735,0.8564872249569336,0.8515997767971147,0.8560934702161507,0.8468787329350043,0.8482589683018371
